cohort,model,method,n_repeats,calibrated_brier_mean,calibrated_brier_sd,calibrated_brier_ci95_lower,calibrated_brier_ci95_upper,calibrated_log_loss_mean,calibrated_log_loss_sd,calibrated_log_loss_ci95_lower,calibrated_log_loss_ci95_upper,calibrated_ece_5_mean,calibrated_ece_5_sd,calibrated_ece_5_ci95_lower,calibrated_ece_5_ci95_upper,calibrated_ece_10_mean,calibrated_ece_10_sd,calibrated_ece_10_ci95_lower,calibrated_ece_10_ci95_upper,brier_improvement_mean,brier_improvement_sd,brier_improvement_ci95_lower,brier_improvement_ci95_upper,log_loss_improvement_mean,log_loss_improvement_sd,log_loss_improvement_ci95_lower,log_loss_improvement_ci95_upper,ece_5_improvement_mean,ece_5_improvement_sd,ece_5_improvement_ci95_lower,ece_5_improvement_ci95_upper,ece_10_improvement_mean,ece_10_improvement_sd,ece_10_improvement_ci95_lower,ece_10_improvement_ci95_upper,n_samples,positive_rate,brier_improved_fraction,ece_5_improved_fraction
toddler,logreg,platt,10,0.00000057,0.00000059,0.00000015,0.00000099,0.00003913,0.00001753,0.00002658,0.00005167,0.00003883,0.00001728,0.00002648,0.00005119,0.00003883,0.00001728,0.00002648,0.00005119,0.00395838,0.00019983,0.00381543,0.00410133,0.02730543,0.00068219,0.02681743,0.02779344,0.02499862,0.00055413,0.02460222,0.02539503,0.02499862,0.00055413,0.02460222,0.02539503,1054,0.69070209,1.00000000,1.00000000
toddler,logreg,temperature,10,0.00000156,0.00000312,0.00000000,0.00000380,0.00002967,0.00003730,0.00000299,0.00005636,0.00002885,0.00003584,0.00000321,0.00005449,0.00002885,0.00003584,0.00000321,0.00005449,0.00395739,0.00019983,0.00381444,0.00410034,0.02731488,0.00069643,0.02681669,0.02781308,0.02500861,0.00056842,0.02460199,0.02541523,0.02500861,0.00056842,0.02460199,0.02541523,1054,0.69070209,1.00000000,1.00000000
toddler,logreg,histbin,10,0.00000902,0.00002854,0.00000000,0.00002944,0.00003499,0.00011064,0.00000000,0.00011414,0.00002926,0.00009253,0.00000000,0.00009546,0.00002926,0.00009253,0.00000000,0.00009546,0.00394992,0.00019275,0.00381204,0.00408781,0.02730957,0.00066001,0.02683743,0.02778172,0.02500820,0.00053545,0.02462516,0.02539123,0.02500820,0.00053545,0.02462516,0.02539123,1054,0.69070209,1.00000000,1.00000000
toddler,logreg,isotonic,10,0.00000566,0.00001275,0.00000000,0.00001478,0.00004499,0.00007054,0.00000000,0.00009545,0.00004177,0.00006349,0.00000000,0.00008719,0.00004177,0.00006349,0.00000000,0.00008719,0.00395328,0.00019654,0.00381269,0.00409388,0.02729957,0.00068117,0.02681230,0.02778685,0.02499569,0.00055507,0.02459861,0.02539276,0.02499569,0.00055507,0.02459861,0.02539276,1054,0.69070209,1.00000000,1.00000000
toddler,logreg,beta,10,0.00000085,0.00000074,0.00000032,0.00000138,0.00005483,0.00002183,0.00003921,0.00007044,0.00005439,0.00002154,0.00003898,0.00006980,0.00005439,0.00002154,0.00003898,0.00006980,0.00395810,0.00019973,0.00381522,0.00410098,0.02728973,0.00067782,0.02680485,0.02777462,0.02498307,0.00054999,0.02458963,0.02537651,0.02498307,0.00054999,0.02458963,0.02537651,1054,0.69070209,1.00000000,1.00000000
toddler,dtree,platt,10,0.06907927,0.00683775,0.06418784,0.07397070,0.25913175,0.02051601,0.24445548,0.27380803,0.01289742,0.00625700,0.00842143,0.01737341,0.01441754,0.00499028,0.01084771,0.01798736,0.00791256,0.00139577,0.00691408,0.00891104,2.00453218,0.27679074,1.80652801,2.20253635,0.06206726,0.00976721,0.05508022,0.06905430,0.06060021,0.00892118,0.05421838,0.06698204,1054,0.69070209,1.00000000,1.00000000
toddler,dtree,temperature,10,0.07029817,0.00676459,0.06545907,0.07513727,0.26431129,0.02080024,0.24943169,0.27919088,0.02737652,0.00579636,0.02323006,0.03152299,0.02737652,0.00579636,0.02323006,0.03152299,0.00669366,0.00110370,0.00590412,0.00748320,1.99935265,0.27611274,1.80183349,2.19687180,0.04758816,0.01033330,0.04019617,0.05498016,0.04764122,0.01024918,0.04030940,0.05497304,1054,0.69070209,1.00000000,1.00000000
toddler,dtree,histbin,10,0.07023809,0.00682671,0.06535455,0.07512162,0.26828352,0.03171460,0.24559626,0.29097078,0.01558591,0.00487075,0.01210158,0.01907023,0.01921432,0.00478298,0.01579278,0.02263586,0.00675375,0.00188476,0.00540547,0.00810202,1.99538041,0.27647926,1.79759906,2.19316176,0.05937878,0.00926034,0.05275433,0.06600322,0.05580342,0.01014929,0.04854306,0.06306378,1054,0.69070209,1.00000000,1.00000000
toddler,dtree,isotonic,10,0.06993025,0.00691508,0.06498349,0.07487700,0.26163745,0.02078418,0.24676934,0.27650555,0.01466753,0.00548431,0.01074429,0.01859077,0.01872535,0.00485561,0.01525186,0.02219885,0.00706158,0.00163945,0.00588879,0.00823438,2.00202649,0.27711595,1.80378967,2.20026330,0.06029715,0.00897657,0.05387570,0.06671861,0.05629239,0.00917954,0.04972574,0.06285904,1054,0.69070209,1.00000000,1.00000000
toddler,dtree,beta,10,0.06939273,0.00690702,0.06445175,0.07433372,0.26003166,0.02067267,0.24524332,0.27482000,0.01409626,0.00642221,0.00950208,0.01869044,0.01759652,0.00526225,0.01383214,0.02136091,0.00759910,0.00163278,0.00643107,0.00876712,2.00363227,0.27671385,1.80568311,2.20158143,0.06086842,0.01017665,0.05358848,0.06814836,0.05742122,0.01023596,0.05009885,0.06474358,1054,0.69070209,1.00000000,1.00000000
toddler,knn,platt,10,0.03767557,0.00132720,0.03672614,0.03862499,0.12631727,0.00770374,0.12080634,0.13182819,0.02261488,0.00447470,0.01941387,0.02581589,0.02370477,0.00368189,0.02107090,0.02633863,-0.00159587,0.00071493,-0.00210729,-0.00108444,0.07014084,0.03145112,0.04764206,0.09263962,-0.00134353,0.00363633,-0.00394481,0.00125774,-0.00091539,0.00384654,-0.00366705,0.00183626,1054,0.69070209,0.00000000,0.60000000
toddler,knn,temperature,10,0.03945764,0.00136746,0.03847942,0.04043586,0.13121309,0.00738334,0.12593137,0.13649482,0.03184654,0.00361405,0.02926121,0.03443188,0.03265710,0.00357312,0.03010104,0.03521315,-0.00337795,0.00044834,-0.00369867,-0.00305722,0.06524501,0.03178461,0.04250767,0.08798235,-0.01057520,0.00253161,-0.01238620,-0.00876419,-0.00986772,0.00198210,-0.01128563,-0.00844981,1054,0.69070209,0.00000000,0.00000000
toddler,knn,histbin,10,0.03423720,0.00163548,0.03306725,0.03540715,0.14342193,0.04197524,0.11339464,0.17344921,0.00815251,0.00266338,0.00624725,0.01005778,0.01226508,0.00211870,0.01074945,0.01378070,0.00184250,0.00059553,0.00141647,0.00226852,0.05303617,0.04642552,0.01982536,0.08624699,0.01311883,0.00247640,0.01134732,0.01489034,0.01052430,0.00264710,0.00863067,0.01241792,1054,0.69070209,1.00000000,1.00000000
toddler,knn,isotonic,10,0.03422691,0.00161020,0.03307504,0.03537877,0.14338656,0.04193412,0.11338870,0.17338442,0.00816582,0.00266016,0.00626285,0.01006878,0.01225177,0.00209430,0.01075360,0.01374995,0.00185279,0.00058434,0.00143478,0.00227080,0.05307154,0.04642770,0.01985917,0.08628391,0.01310553,0.00247532,0.01133479,0.01487627,0.01053760,0.00263816,0.00865037,0.01242483,1054,0.69070209,1.00000000,1.00000000
toddler,knn,beta,10,0.03638056,0.00177003,0.03511436,0.03764676,0.13462112,0.02161906,0.11915578,0.15008647,0.01717685,0.00575812,0.01305774,0.02129596,0.01920851,0.00547563,0.01529148,0.02312554,-0.00030086,0.00099098,-0.00100977,0.00040804,0.06183698,0.02958531,0.04067292,0.08300103,0.00409450,0.00671856,-0.00071167,0.00890067,0.00358086,0.00627162,-0.00090559,0.00806731,1054,0.69070209,0.40000000,0.70000000
toddler,nb,platt,10,0.05093389,0.00285350,0.04889262,0.05297516,0.18082084,0.01061923,0.17322430,0.18841738,0.01523776,0.00362892,0.01264179,0.01783374,0.02003734,0.00457143,0.01676713,0.02330754,0.00926390,0.00234233,0.00758829,0.01093950,0.21795767,0.06706556,0.16998186,0.26593348,0.03710884,0.00659599,0.03239036,0.04182733,0.03423762,0.00983539,0.02720181,0.04127343,1054,0.69070209,1.00000000,1.00000000
toddler,nb,temperature,10,0.05351018,0.00313773,0.05126558,0.05575478,0.18684362,0.01043893,0.17937606,0.19431118,0.02628716,0.00244234,0.02454002,0.02803431,0.02922750,0.00239722,0.02751263,0.03094237,0.00668760,0.00210986,0.00517830,0.00819691,0.21193489,0.06673739,0.16419383,0.25967594,0.02605944,0.00838502,0.02006116,0.03205772,0.02504746,0.00889558,0.01868394,0.03141097,1054,0.69070209,1.00000000,1.00000000
toddler,nb,histbin,10,0.05765332,0.00369110,0.05501286,0.06029377,0.30377524,0.08025275,0.24636588,0.36118460,0.01370064,0.00507574,0.01006968,0.01733161,0.01736141,0.00602039,0.01305468,0.02166814,0.00254447,0.00222161,0.00095523,0.00413371,0.09500328,0.10977404,0.01647566,0.17353089,0.03864596,0.00872321,0.03240575,0.04488617,0.03691355,0.00981769,0.02989039,0.04393670,1054,0.69070209,0.80000000,1.00000000
toddler,nb,isotonic,10,0.05200828,0.00284714,0.04997156,0.05404500,0.20216240,0.02618811,0.18342855,0.22089624,0.01230424,0.00351527,0.00978956,0.01481891,0.01596775,0.00375702,0.01328013,0.01865536,0.00818950,0.00268625,0.00626788,0.01011113,0.19661612,0.07137256,0.14555926,0.24767297,0.04004237,0.00826385,0.03413076,0.04595397,0.03830721,0.00985161,0.03125979,0.04535463,1054,0.69070209,1.00000000,1.00000000
toddler,nb,beta,10,0.05083599,0.00268094,0.04891815,0.05275382,0.18047183,0.00969355,0.17353748,0.18740618,0.01067607,0.00432731,0.00758049,0.01377164,0.01799744,0.00468629,0.01464507,0.02134980,0.00936180,0.00252090,0.00755846,0.01116514,0.21830668,0.06820925,0.16951272,0.26710064,0.04167054,0.00873995,0.03541835,0.04792273,0.03627752,0.00966863,0.02936099,0.04319404,1054,0.69070209,1.00000000,1.00000000
toddler,rf,platt,10,0.02659002,0.00158033,0.02545952,0.02772052,0.08338701,0.00443197,0.08021657,0.08655745,0.00787451,0.00216164,0.00632816,0.00942085,0.01169192,0.00245035,0.00993905,0.01344479,0.01654508,0.00095743,0.01586018,0.01722999,0.07967936,0.00293922,0.07757676,0.08178195,0.07979651,0.00367989,0.07716408,0.08242894,0.07669061,0.00407459,0.07377582,0.07960539,1054,0.69070209,1.00000000,1.00000000
toddler,rf,temperature,10,0.02909388,0.00152241,0.02800481,0.03018295,0.09161509,0.00398456,0.08876471,0.09446548,0.02162688,0.00098119,0.02092499,0.02232878,0.02294476,0.00243574,0.02120234,0.02468718,0.01404122,0.00079900,0.01346965,0.01461279,0.07145128,0.00237601,0.06975158,0.07315097,0.06604413,0.00300468,0.06389471,0.06819355,0.06543777,0.00370676,0.06278611,0.06808943,1054,0.69070209,1.00000000,1.00000000
toddler,rf,histbin,10,0.02778601,0.00180071,0.02649786,0.02907416,0.11078204,0.04975656,0.07518834,0.14637573,0.00806839,0.00320279,0.00577724,0.01035953,0.01113182,0.00249792,0.00934492,0.01291872,0.01534909,0.00123208,0.01446771,0.01623047,0.05228433,0.04938153,0.01695892,0.08760975,0.07960263,0.00500865,0.07601965,0.08318560,0.07725071,0.00406584,0.07434218,0.08015923,1054,0.69070209,1.00000000,1.00000000
toddler,rf,isotonic,10,0.02768123,0.00189210,0.02632771,0.02903476,0.13436415,0.04516281,0.10205662,0.16667168,0.00914502,0.00270501,0.00720997,0.01108007,0.01430873,0.00279898,0.01230646,0.01631100,0.01545387,0.00120195,0.01459405,0.01631369,0.02870222,0.04454481,-0.00316322,0.06056766,0.07852599,0.00330920,0.07615873,0.08089325,0.07407380,0.00255146,0.07224859,0.07589900,1054,0.69070209,1.00000000,1.00000000
toddler,rf,beta,10,0.02670656,0.00167299,0.02550978,0.02790335,0.08380128,0.00461909,0.08049698,0.08710558,0.00796152,0.00223203,0.00636483,0.00955822,0.01202347,0.00271448,0.01008164,0.01396529,0.01642853,0.00105242,0.01567567,0.01718139,0.07926509,0.00313360,0.07702345,0.08150673,0.07970949,0.00307938,0.07750664,0.08191235,0.07635906,0.00413189,0.07340328,0.07931484,1054,0.69070209,1.00000000,1.00000000
toddler,svm,platt,10,0.00435555,0.00113428,0.00354414,0.00516697,0.01493448,0.00360814,0.01235337,0.01751559,0.00435642,0.00171820,0.00312730,0.00558555,0.00560912,0.00116096,0.00477862,0.00643962,0.03494530,0.00088625,0.03431131,0.03557928,0.16143038,0.00291851,0.15934260,0.16351815,0.13332556,0.00152834,0.13223225,0.13441887,0.13542507,0.00096306,0.13473614,0.13611400,1054,0.69070209,1.00000000,1.00000000
toddler,svm,temperature,10,0.00695359,0.00112300,0.00615024,0.00775693,0.02323284,0.00318557,0.02095402,0.02551166,0.01101521,0.00096407,0.01032555,0.01170487,0.01186138,0.00097638,0.01116292,0.01255984,0.03234726,0.00081823,0.03176194,0.03293259,0.15313202,0.00216412,0.15158390,0.15468014,0.12666677,0.00142253,0.12564916,0.12768439,0.12917281,0.00132826,0.12822262,0.13012299,1054,0.69070209,1.00000000,1.00000000
toddler,svm,histbin,10,0.00626668,0.00109371,0.00548428,0.00704907,0.01992992,0.00359814,0.01735596,0.02250387,0.00453563,0.00190556,0.00317248,0.00589878,0.00545577,0.00242111,0.00372382,0.00718773,0.03303418,0.00109613,0.03225006,0.03381830,0.15643494,0.00346583,0.15395563,0.15891425,0.13314635,0.00245868,0.13138752,0.13490519,0.13557842,0.00201083,0.13413995,0.13701688,1054,0.69070209,1.00000000,1.00000000
toddler,svm,isotonic,10,0.00474986,0.00131537,0.00380890,0.00569081,0.03987447,0.03521106,0.01468599,0.06506294,0.00357872,0.00132915,0.00262790,0.00452954,0.00465540,0.00152807,0.00356228,0.00574851,0.03455100,0.00114818,0.03372964,0.03537235,0.13649039,0.03530639,0.11123372,0.16174706,0.13410327,0.00170710,0.13288208,0.13532445,0.13637880,0.00218219,0.13481775,0.13793984,1054,0.69070209,1.00000000,1.00000000
toddler,svm,beta,10,0.00435619,0.00112632,0.00355047,0.00516191,0.01497825,0.00354679,0.01244103,0.01751548,0.00474125,0.00144372,0.00370848,0.00577403,0.00583185,0.00128431,0.00491311,0.00675059,0.03494467,0.00088046,0.03431482,0.03557451,0.16138661,0.00286530,0.15933689,0.16343632,0.13294073,0.00143526,0.13191401,0.13396745,0.13520234,0.00102151,0.13447160,0.13593309,1054,0.69070209,1.00000000,1.00000000
toddler,xgb,platt,10,0.00999622,0.00135745,0.00902516,0.01096728,0.03315301,0.00417236,0.03016828,0.03613774,0.00481568,0.00093271,0.00414846,0.00548290,0.00760456,0.00128226,0.00668729,0.00852184,0.00591503,0.00056253,0.00551262,0.00631744,0.03003685,0.00200418,0.02860314,0.03147055,0.02974384,0.00139118,0.02874865,0.03073903,0.02744596,0.00158557,0.02631171,0.02858021,1054,0.69070209,1.00000000,1.00000000
toddler,xgb,temperature,10,0.01163237,0.00154603,0.01052640,0.01273833,0.03912190,0.00424370,0.03608614,0.04215766,0.01256219,0.00161138,0.01140948,0.01371491,0.01276503,0.00149975,0.01169217,0.01383789,0.00427889,0.00060917,0.00384311,0.00471466,0.02406796,0.00193300,0.02268517,0.02545074,0.02199732,0.00222021,0.02040908,0.02358556,0.02228550,0.00208387,0.02079479,0.02377621,1054,0.69070209,1.00000000,1.00000000
toddler,xgb,histbin,10,0.01121082,0.00127188,0.01030097,0.01212066,0.08237287,0.03692582,0.05595773,0.10878801,0.00522319,0.00144985,0.00418604,0.00626035,0.00747776,0.00164201,0.00630314,0.00865239,0.00470044,0.00061651,0.00425942,0.00514146,-0.01918301,0.03528905,-0.04442727,0.00606125,0.02933632,0.00198661,0.02791519,0.03075746,0.02757276,0.00202562,0.02612372,0.02902180,1054,0.69070209,1.00000000,1.00000000
toddler,xgb,isotonic,10,0.01055452,0.00147829,0.00949702,0.01161203,0.06771991,0.02563273,0.04938335,0.08605646,0.00519495,0.00141890,0.00417993,0.00620997,0.00714993,0.00135616,0.00617979,0.00812007,0.00535673,0.00068237,0.00486859,0.00584487,-0.00453005,0.02384366,-0.02158677,0.01252668,0.02936456,0.00159525,0.02822339,0.03050573,0.02790059,0.00175666,0.02664395,0.02915723,1054,0.69070209,1.00000000,1.00000000
toddler,xgb,beta,10,0.01002029,0.00135015,0.00905446,0.01098613,0.03329255,0.00416545,0.03031277,0.03627234,0.00449327,0.00091615,0.00383790,0.00514864,0.00757791,0.00155602,0.00646480,0.00869102,0.00589096,0.00053773,0.00550629,0.00627563,0.02989731,0.00192665,0.02851906,0.03127555,0.03006624,0.00153752,0.02896637,0.03116612,0.02747261,0.00180179,0.02618369,0.02876154,1054,0.69070209,1.00000000,1.00000000
toddler,adaboost,platt,10,0.03360542,0.00123405,0.03272264,0.03448821,0.10698561,0.00356186,0.10443761,0.10953361,0.01278322,0.00278020,0.01079438,0.01477206,0.01775118,0.00243273,0.01601091,0.01949145,0.06836340,0.00103639,0.06762201,0.06910479,0.25702208,0.00315455,0.25476545,0.25927871,0.23500013,0.00425901,0.23195342,0.23804685,0.23003217,0.00310731,0.22780934,0.23225501,1054,0.69070209,1.00000000,1.00000000
toddler,adaboost,temperature,10,0.05855385,0.00086885,0.05793231,0.05917538,0.18407797,0.00230212,0.18243113,0.18572480,0.08377119,0.00100427,0.08305278,0.08448960,0.08377119,0.00100427,0.08305278,0.08448960,0.04341498,0.00064697,0.04295216,0.04387779,0.17992972,0.00182910,0.17862126,0.18123818,0.16401216,0.00266048,0.16210897,0.16591535,0.16401216,0.00266048,0.16210897,0.16591535,1054,0.69070209,1.00000000,1.00000000
toddler,adaboost,histbin,10,0.03357908,0.00186198,0.03224710,0.03491106,0.11387147,0.01466878,0.10337806,0.12436489,0.00521486,0.00198389,0.00379567,0.00663406,0.01097937,0.00418386,0.00798642,0.01397233,0.06838974,0.00169191,0.06717942,0.06960006,0.25013621,0.01430347,0.23990413,0.26036830,0.24256849,0.00326767,0.24023093,0.24490604,0.23680398,0.00513618,0.23312978,0.24047818,1054,0.69070209,1.00000000,1.00000000
toddler,adaboost,isotonic,10,0.03349144,0.00130841,0.03255546,0.03442742,0.13886795,0.02222804,0.12296697,0.15476893,0.00923180,0.00335879,0.00682906,0.01163453,0.01508766,0.00361357,0.01250267,0.01767266,0.06847738,0.00120572,0.06761486,0.06933990,0.22513974,0.02233724,0.20916064,0.24111884,0.23855155,0.00506326,0.23492952,0.24217359,0.23269569,0.00462605,0.22938641,0.23600497,1054,0.69070209,1.00000000,1.00000000
toddler,adaboost,beta,10,0.03362489,0.00122016,0.03275204,0.03449774,0.10700455,0.00353615,0.10447494,0.10953416,0.01301320,0.00281068,0.01100256,0.01502384,0.01788090,0.00243840,0.01613657,0.01962522,0.06834393,0.00102154,0.06761317,0.06907470,0.25700313,0.00313150,0.25476299,0.25924327,0.23477016,0.00429595,0.23169702,0.23784330,0.22990245,0.00317423,0.22763175,0.23217316,1054,0.69070209,1.00000000,1.00000000
toddler,mlp,platt,10,0.00547742,0.00137372,0.00449472,0.00646012,0.01961746,0.00455181,0.01636129,0.02287363,0.00541491,0.00140855,0.00440729,0.00642253,0.00668288,0.00131671,0.00574097,0.00762480,0.00799578,0.00111408,0.00719882,0.00879275,0.03835158,0.00446985,0.03515404,0.04154912,0.03450221,0.00424487,0.03146561,0.03753881,0.03501107,0.00378264,0.03230514,0.03771701,1054,0.69070209,1.00000000,1.00000000
toddler,mlp,temperature,10,0.00844812,0.00277532,0.00646278,0.01043346,0.02910448,0.00836835,0.02311813,0.03509084,0.01378022,0.00388530,0.01100084,0.01655960,0.01436517,0.00401023,0.01149643,0.01723391,0.00502508,0.00080815,0.00444696,0.00560320,0.02886456,0.00301361,0.02670875,0.03102036,0.02613690,0.00316873,0.02387013,0.02840367,0.02732878,0.00280659,0.02532107,0.02933649,1054,0.69070209,1.00000000,1.00000000
toddler,mlp,histbin,10,0.00588936,0.00131345,0.00494977,0.00682895,0.04463717,0.02950103,0.02353340,0.06574093,0.00486785,0.00144289,0.00383567,0.00590003,0.00622249,0.00116819,0.00538682,0.00705816,0.00758384,0.00144440,0.00655058,0.00861710,0.01333187,0.02969677,-0.00791192,0.03457566,0.03504927,0.00375459,0.03236340,0.03773514,0.03547147,0.00373912,0.03279666,0.03814627,1054,0.69070209,1.00000000,1.00000000
toddler,mlp,isotonic,10,0.00568457,0.00155689,0.00457084,0.00679831,0.05286990,0.04019800,0.02411398,0.08162582,0.00516492,0.00110037,0.00437776,0.00595208,0.00686146,0.00150066,0.00578796,0.00793497,0.00778863,0.00113415,0.00697730,0.00859995,0.00509914,0.03718713,-0.02150293,0.03170122,0.03475220,0.00349964,0.03224871,0.03725570,0.03483249,0.00346303,0.03235519,0.03730979,1054,0.69070209,1.00000000,1.00000000
toddler,mlp,beta,10,0.00543007,0.00132937,0.00447910,0.00638105,0.01950626,0.00448996,0.01629434,0.02271818,0.00515354,0.00198428,0.00373408,0.00657301,0.00665056,0.00182699,0.00534361,0.00795751,0.00804313,0.00115698,0.00721547,0.00887078,0.03846278,0.00440663,0.03531047,0.04161509,0.03476358,0.00447958,0.03155908,0.03796807,0.03504340,0.00366715,0.03242008,0.03766672,1054,0.69070209,1.00000000,1.00000000
child,logreg,platt,10,0.00389625,0.00217611,0.00233956,0.00545295,0.02457283,0.03279249,0.00111450,0.04803116,0.00535907,0.00202419,0.00391105,0.00680709,0.00592435,0.00216327,0.00437683,0.00747186,0.01201912,0.00213593,0.01049117,0.01354707,0.04945415,0.03270430,0.02605890,0.07284940,0.05402123,0.00478355,0.05059928,0.05744317,0.05423429,0.00413511,0.05127621,0.05719238,290,0.48275862,1.00000000,1.00000000
child,logreg,temperature,10,0.00502770,0.00246253,0.00326611,0.00678929,0.02534619,0.01778227,0.01262552,0.03806686,0.00862006,0.00260134,0.00675917,0.01048094,0.00900250,0.00217646,0.00744555,0.01055945,0.01088767,0.00222918,0.00929301,0.01248233,0.04868079,0.01708028,0.03646230,0.06089929,0.05076024,0.00365374,0.04814652,0.05337397,0.05115614,0.00350100,0.04865168,0.05366060,290,0.48275862,1.00000000,1.00000000
child,logreg,histbin,10,0.00458680,0.00307901,0.00238421,0.00678939,0.10598769,0.13784975,0.00737592,0.20459946,0.00709722,0.00283805,0.00506700,0.00912744,0.00745162,0.00314386,0.00520264,0.00970061,0.01132857,0.00268059,0.00941099,0.01324615,-0.03196070,0.13688415,-0.12988173,0.06596032,0.05228308,0.00552187,0.04833297,0.05623319,0.05270702,0.00481156,0.04926503,0.05614900,290,0.48275862,1.00000000,1.00000000
child,logreg,isotonic,10,0.00434684,0.00245194,0.00259282,0.00610085,0.07061547,0.08654490,0.00870498,0.13252596,0.00611596,0.00263388,0.00423180,0.00800012,0.00633925,0.00255422,0.00451207,0.00816643,0.01156854,0.00239481,0.00985539,0.01328168,0.00341151,0.08700361,-0.05882712,0.06565015,0.05326434,0.00538533,0.04941191,0.05711677,0.05381939,0.00463034,0.05050704,0.05713173,290,0.48275862,1.00000000,1.00000000
child,logreg,beta,10,0.00380213,0.00222515,0.00221036,0.00539390,0.02056260,0.02190723,0.00489111,0.03623409,0.00537831,0.00204835,0.00391301,0.00684361,0.00589583,0.00216474,0.00434727,0.00744439,0.01211324,0.00213670,0.01058473,0.01364174,0.05346438,0.02157519,0.03803042,0.06889834,0.05400199,0.00474646,0.05060657,0.05739740,0.05426281,0.00412433,0.05131245,0.05721318,290,0.48275862,1.00000000,1.00000000
child,dtree,platt,10,0.10697693,0.01241973,0.09809239,0.11586148,0.36817152,0.03338314,0.34429066,0.39205238,0.02849325,0.01207715,0.01985377,0.03713272,0.03750207,0.01235742,0.02866210,0.04634203,0.00852178,0.00468800,0.00516819,0.01187537,3.18844887,0.64765117,2.72514714,3.65175060,0.07990159,0.02567730,0.06153315,0.09827002,0.07128276,0.02627667,0.05248556,0.09007995,290,0.48275862,1.00000000,1.00000000
child,dtree,temperature,10,0.10703298,0.01220284,0.09830359,0.11576237,0.36757599,0.03264951,0.34421994,0.39093204,0.02682177,0.01441383,0.01651074,0.03713280,0.03292683,0.01504183,0.02216656,0.04368711,0.00846573,0.00481396,0.00502204,0.01190943,3.18904440,0.64834133,2.72524895,3.65283985,0.08157307,0.02865437,0.06107497,0.10207117,0.07585799,0.02748949,0.05619319,0.09552278,290,0.48275862,1.00000000,1.00000000
child,dtree,histbin,10,0.10713718,0.01090625,0.09933532,0.11493905,0.36802473,0.02973392,0.34675437,0.38929510,0.02794932,0.01320477,0.01850319,0.03739544,0.03623958,0.01892633,0.02270050,0.04977866,0.00836153,0.00705980,0.00331125,0.01341180,3.18859565,0.65239390,2.72190117,3.65529014,0.08044552,0.02659054,0.06142379,0.09946724,0.07254524,0.03107882,0.05031279,0.09477769,290,0.48275862,0.90000000,1.00000000
child,dtree,isotonic,10,0.10616524,0.01177144,0.09774446,0.11458602,0.36611614,0.03212739,0.34313359,0.38909869,0.03096859,0.01217456,0.02225943,0.03967775,0.04149167,0.01766300,0.02885632,0.05412701,0.00933347,0.00585410,0.00514570,0.01352124,3.19050425,0.64938086,2.72596516,3.65504333,0.07742624,0.02569421,0.05904571,0.09580677,0.06729316,0.03033787,0.04559075,0.08899556,290,0.48275862,1.00000000,1.00000000
child,dtree,beta,10,0.10773273,0.01223007,0.09898387,0.11648160,0.36972506,0.03290652,0.34618516,0.39326497,0.03277742,0.01303785,0.02345071,0.04210413,0.03958263,0.01602815,0.02811678,0.05104848,0.00776597,0.00546365,0.00385752,0.01167443,3.18689533,0.64846526,2.72301123,3.65077943,0.07561741,0.02705256,0.05626518,0.09496965,0.06920219,0.02858789,0.04875165,0.08965273,290,0.48275862,1.00000000,1.00000000
child,knn,platt,10,0.07105971,0.00544170,0.06716696,0.07495247,0.28027317,0.05870294,0.23827962,0.32226673,0.05639352,0.01704641,0.04419925,0.06858779,0.06474507,0.01231755,0.05593362,0.07355652,-0.00195626,0.00539614,-0.00581643,0.00190390,0.18036534,0.06805294,0.13168320,0.22904748,0.00567545,0.01791507,-0.00714022,0.01849112,-0.00033128,0.01238549,-0.00919132,0.00852877,290,0.48275862,0.20000000,0.60000000
child,knn,temperature,10,0.07883702,0.00354727,0.07629946,0.08137458,0.29011983,0.04638338,0.25693916,0.32330050,0.08056540,0.01269402,0.07148464,0.08964615,0.08299462,0.01226594,0.07422010,0.09176914,-0.00973357,0.00387258,-0.01250385,-0.00696330,0.17051869,0.06460006,0.12430658,0.21673079,-0.01849643,0.01424354,-0.02868564,-0.00830722,-0.01858083,0.01089093,-0.02637173,-0.01078992,290,0.48275862,0.00000000,0.10000000
child,knn,histbin,10,0.06044096,0.00462224,0.05713440,0.06374751,0.32048932,0.08734039,0.25800977,0.38296888,0.02005699,0.00700612,0.01504511,0.02506887,0.02965410,0.00865283,0.02346424,0.03584397,0.00866249,0.00222454,0.00707115,0.01025383,0.14014919,0.10760214,0.06317526,0.21712312,0.04201197,0.00896933,0.03559570,0.04842825,0.03475969,0.01166624,0.02641416,0.04310522,290,0.48275862,1.00000000,1.00000000
child,knn,isotonic,10,0.06044050,0.00462243,0.05713381,0.06374719,0.32048630,0.08734537,0.25800319,0.38296942,0.02005977,0.00700453,0.01504903,0.02507050,0.02965133,0.00865569,0.02345942,0.03584324,0.00866295,0.00222446,0.00707166,0.01025423,0.14015221,0.10760527,0.06317604,0.21712838,0.04200920,0.00896856,0.03559348,0.04842492,0.03476247,0.01166738,0.02641612,0.04310881,290,0.48275862,1.00000000,1.00000000
child,knn,beta,10,0.05943047,0.00400928,0.05656241,0.06229854,0.24339275,0.07168521,0.19211224,0.29467326,0.01938507,0.00524857,0.01563046,0.02313967,0.02795162,0.00845998,0.02189971,0.03400352,0.00967297,0.00148351,0.00861173,0.01073421,0.21724577,0.09327704,0.15051939,0.28397214,0.04268390,0.00475313,0.03928371,0.04608409,0.03646218,0.00727019,0.03126140,0.04166296,290,0.48275862,1.00000000,1.00000000
child,nb,platt,10,0.15549165,0.00707098,0.15043338,0.16054993,0.49439608,0.01762891,0.48178512,0.50700704,0.07683684,0.01438624,0.06654555,0.08712813,0.08945099,0.02014153,0.07504261,0.10385938,0.01732749,0.00977048,0.01033811,0.02431688,2.25007457,0.29672539,2.03781001,2.46233913,0.08305259,0.02209211,0.06724885,0.09885633,0.07296866,0.03192934,0.05012778,0.09580953,290,0.48275862,1.00000000,1.00000000
child,nb,temperature,10,0.15692886,0.00708733,0.15185889,0.16199884,0.49604771,0.01793080,0.48322079,0.50887463,0.07251541,0.01266987,0.06345193,0.08157890,0.08210251,0.01994256,0.06783646,0.09636855,0.01589029,0.00933328,0.00921366,0.02256691,2.24842294,0.29663788,2.03622098,2.46062490,0.08737402,0.01834863,0.07424820,0.10049984,0.08031714,0.02765102,0.06053680,0.10009749,290,0.48275862,1.00000000,1.00000000
child,nb,histbin,10,0.15708845,0.01069571,0.14943720,0.16473970,0.96540610,0.22759556,0.80259405,1.12821816,0.04162301,0.01514339,0.03079008,0.05245594,0.05369449,0.01380105,0.04382182,0.06356717,0.01573070,0.00618893,0.01130341,0.02015799,1.77906455,0.33689372,1.53806529,2.02006380,0.11826642,0.01990786,0.10402519,0.13250764,0.10872515,0.02196552,0.09301197,0.12443834,290,0.48275862,1.00000000,1.00000000
child,nb,isotonic,10,0.14875814,0.00849788,0.14267913,0.15483716,0.47343028,0.01998010,0.45913738,0.48772319,0.03117077,0.01041268,0.02372199,0.03861955,0.04756866,0.02287267,0.03120654,0.06393079,0.02406101,0.00828007,0.01813780,0.02998421,2.27104037,0.29971727,2.05663554,2.48544519,0.12871866,0.01949523,0.11477262,0.14266471,0.11485098,0.03104747,0.09264096,0.13706101,290,0.48275862,1.00000000,1.00000000
child,nb,beta,10,0.15442596,0.00698256,0.14943094,0.15942098,0.49185880,0.01808684,0.47892026,0.50479735,0.07991033,0.01536806,0.06891669,0.09090398,0.09435657,0.02493151,0.07652165,0.11219150,0.01839319,0.01012862,0.01114761,0.02563876,2.25261184,0.29684317,2.04026304,2.46496065,0.07997910,0.02445587,0.06248442,0.09747377,0.06806308,0.03482348,0.04315186,0.09297430,290,0.48275862,1.00000000,1.00000000
child,rf,platt,10,0.04507016,0.00474167,0.04167817,0.04846215,0.14373880,0.01270182,0.13465247,0.15282514,0.01763043,0.00561247,0.01361552,0.02164535,0.03183306,0.00834772,0.02586146,0.03780466,0.04404710,0.00377989,0.04134314,0.04675107,0.17708064,0.01025246,0.16974647,0.18441481,0.14231753,0.00919949,0.13573662,0.14889845,0.15903320,0.01166106,0.15069139,0.16737502,290,0.48275862,1.00000000,1.00000000
child,rf,temperature,10,0.04518225,0.00431149,0.04209800,0.04826650,0.14449246,0.01221939,0.13575123,0.15323368,0.01537846,0.00585948,0.01118684,0.01957009,0.03168401,0.00985258,0.02463590,0.03873213,0.04393502,0.00316331,0.04167212,0.04619791,0.17632698,0.00945403,0.16956398,0.18308999,0.14456950,0.00809040,0.13878197,0.15035702,0.15918226,0.01280055,0.15002530,0.16833922,290,0.48275862,1.00000000,1.00000000
child,rf,histbin,10,0.04904866,0.00472671,0.04566738,0.05242995,0.21307477,0.09796909,0.14299191,0.28315763,0.01998468,0.00847418,0.01392261,0.02604674,0.03101227,0.00955819,0.02417475,0.03784979,0.04006860,0.00407699,0.03715210,0.04298510,0.10774467,0.09597952,0.03908506,0.17640429,0.13996328,0.01187094,0.13147133,0.14845524,0.15985400,0.01342495,0.15025037,0.16945763,290,0.48275862,1.00000000,1.00000000
child,rf,isotonic,10,0.04747106,0.00482460,0.04401974,0.05092237,0.22635139,0.10208910,0.15332125,0.29938154,0.02201243,0.00837701,0.01601988,0.02800498,0.03565934,0.00854470,0.02954683,0.04177185,0.04164620,0.00396843,0.03880736,0.04448505,0.09446805,0.10019314,0.02279419,0.16614190,0.13793553,0.01340232,0.12834809,0.14752297,0.15520692,0.01524810,0.14429909,0.16611475,290,0.48275862,1.00000000,1.00000000
child,rf,beta,10,0.04520722,0.00472321,0.04182843,0.04858600,0.14436869,0.01298220,0.13508178,0.15365559,0.01765784,0.00549965,0.01372363,0.02159205,0.03283986,0.00939625,0.02611819,0.03956153,0.04391005,0.00383963,0.04116334,0.04665675,0.17645075,0.01057755,0.16888402,0.18401748,0.14229012,0.00952108,0.13547915,0.14910110,0.15802641,0.01111350,0.15007629,0.16597653,290,0.48275862,1.00000000,1.00000000
child,svm,platt,10,0.02399147,0.00389304,0.02120656,0.02677638,0.07923608,0.01319640,0.06979594,0.08867621,0.01498533,0.00650382,0.01033278,0.01963789,0.02329304,0.00546424,0.01938416,0.02720192,0.05833421,0.00274036,0.05637387,0.06029454,0.23394950,0.01066137,0.22632281,0.24157618,0.17637171,0.00855787,0.17024978,0.18249364,0.19891605,0.01017646,0.19163625,0.20619586,290,0.48275862,1.00000000,1.00000000
child,svm,temperature,10,0.02465775,0.00408209,0.02173759,0.02757790,0.08064936,0.01252330,0.07169073,0.08960799,0.01407214,0.00508663,0.01043338,0.01771090,0.02072284,0.00625892,0.01624548,0.02520020,0.05766793,0.00300715,0.05551674,0.05981911,0.23253621,0.01020964,0.22523267,0.23983975,0.17728490,0.01101003,0.16940880,0.18516100,0.20148625,0.01104927,0.19358208,0.20939043,290,0.48275862,1.00000000,1.00000000
child,svm,histbin,10,0.02842385,0.00426670,0.02537163,0.03147606,0.09969212,0.04029276,0.07086841,0.12851582,0.01789032,0.00596619,0.01362237,0.02215827,0.02203485,0.00663075,0.01729150,0.02677821,0.05390183,0.00386896,0.05113414,0.05666952,0.21349345,0.03856845,0.18590324,0.24108366,0.17346672,0.01189588,0.16495692,0.18197652,0.20017424,0.00996927,0.19304266,0.20730583,290,0.48275862,1.00000000,1.00000000
child,svm,isotonic,10,0.02582218,0.00418884,0.02282567,0.02881870,0.25966458,0.19043609,0.12343481,0.39589435,0.01594163,0.00730572,0.01071543,0.02116783,0.02156003,0.00826042,0.01565089,0.02746918,0.05650349,0.00331726,0.05413046,0.05887652,0.05352099,0.18926460,-0.08187075,0.18891273,0.17541541,0.01246393,0.16649926,0.18433157,0.20064906,0.01218452,0.19193278,0.20936534,290,0.48275862,1.00000000,1.00000000
child,svm,beta,10,0.02407087,0.00385144,0.02131572,0.02682603,0.07933732,0.01300681,0.07003281,0.08864182,0.01525862,0.00699368,0.01025564,0.02026160,0.02280558,0.00568265,0.01874046,0.02687070,0.05825480,0.00272175,0.05630778,0.06020182,0.23384826,0.01048416,0.22634834,0.24134817,0.17609842,0.00888066,0.16974557,0.18245126,0.19940352,0.01042507,0.19194587,0.20686116,290,0.48275862,1.00000000,1.00000000
child,xgb,platt,10,0.02764934,0.00364263,0.02504356,0.03025512,0.09532607,0.01161656,0.08701609,0.10363606,0.01460406,0.00508423,0.01096702,0.01824110,0.02050158,0.00478661,0.01707745,0.02392572,0.00340249,0.00222266,0.00181249,0.00499249,0.01891332,0.00739341,0.01362439,0.02420225,0.02708264,0.00662611,0.02234261,0.03182268,0.02452428,0.00627276,0.02003701,0.02901154,290,0.48275862,0.90000000,1.00000000
child,xgb,temperature,10,0.02766187,0.00376848,0.02496606,0.03035767,0.09621603,0.01192764,0.08768351,0.10474855,0.01799824,0.00535259,0.01416922,0.02182725,0.02371591,0.00484326,0.02025125,0.02718057,0.00338997,0.00147274,0.00233643,0.00444350,0.01802336,0.00637908,0.01346004,0.02258668,0.02368847,0.00779455,0.01811258,0.02926435,0.02130995,0.00641198,0.01672310,0.02589681,290,0.48275862,1.00000000,1.00000000
child,xgb,histbin,10,0.03557752,0.00684552,0.03068054,0.04047451,0.48507491,0.24825531,0.30748376,0.66266606,0.02362313,0.00742406,0.01831228,0.02893398,0.03304854,0.00966614,0.02613380,0.03996328,-0.00452569,0.00540030,-0.00838883,-0.00066255,-0.37083551,0.24657452,-0.54722430,-0.19444673,0.01806357,0.00996899,0.01093218,0.02519496,0.01197732,0.01205871,0.00335104,0.02060360,290,0.48275862,0.10000000,1.00000000
child,xgb,isotonic,10,0.03024413,0.00458667,0.02696302,0.03352523,0.28594015,0.11623019,0.20279409,0.36908622,0.01735593,0.00709527,0.01228028,0.02243157,0.02987213,0.00665708,0.02510995,0.03463432,0.00080771,0.00284963,-0.00123080,0.00284621,-0.17170076,0.11358138,-0.25295198,-0.09044954,0.02433078,0.01016414,0.01705979,0.03160177,0.01515373,0.00923599,0.00854670,0.02176076,290,0.48275862,0.60000000,1.00000000
child,xgb,beta,10,0.02795721,0.00396300,0.02512225,0.03079217,0.09890201,0.01208061,0.09026006,0.10754396,0.01388942,0.00651943,0.00922570,0.01855314,0.02048510,0.00616923,0.01607189,0.02489830,0.00309462,0.00232000,0.00143499,0.00475425,0.01533738,0.00752526,0.00995413,0.02072063,0.02779728,0.00911420,0.02127738,0.03431718,0.02454076,0.00720444,0.01938702,0.02969451,290,0.48275862,0.90000000,1.00000000
child,adaboost,platt,10,0.05345946,0.00408553,0.05053684,0.05638207,0.16763125,0.01128663,0.15955728,0.17570521,0.02425516,0.00981081,0.01723693,0.03127339,0.03014295,0.00935197,0.02345295,0.03683295,0.07856715,0.00360741,0.07598657,0.08114773,0.27322605,0.01012964,0.26597974,0.28047236,0.21172985,0.01186245,0.20324397,0.22021574,0.22169248,0.01205710,0.21306735,0.23031762,290,0.48275862,1.00000000,1.00000000
child,adaboost,temperature,10,0.06388563,0.00356007,0.06133891,0.06643235,0.20358865,0.00914115,0.19704947,0.21012783,0.06340804,0.00405574,0.06050674,0.06630934,0.06522566,0.00388977,0.06244309,0.06800824,0.06814098,0.00272465,0.06619188,0.07009007,0.23726866,0.00747614,0.23192055,0.24261677,0.17257698,0.00299528,0.17043428,0.17471967,0.18660977,0.00858229,0.18047037,0.19274917,290,0.48275862,1.00000000,1.00000000
child,adaboost,histbin,10,0.05916235,0.00530260,0.05536910,0.06295560,0.21907074,0.08475124,0.15844335,0.27969812,0.02333360,0.01350180,0.01367500,0.03299220,0.02966155,0.01171022,0.02128456,0.03803853,0.07286425,0.00461356,0.06956391,0.07616459,0.22178657,0.08351204,0.16204565,0.28152749,0.21265142,0.01440753,0.20234489,0.22295794,0.22217388,0.01371554,0.21236238,0.23198539,290,0.48275862,1.00000000,1.00000000
child,adaboost,isotonic,10,0.05574906,0.00434234,0.05264274,0.05885538,0.28147210,0.08308021,0.22204010,0.34090410,0.02578345,0.00329406,0.02342702,0.02813987,0.03486932,0.00737519,0.02959343,0.04014521,0.07627754,0.00401877,0.07340269,0.07915239,0.15938521,0.08210876,0.10064814,0.21812228,0.21020157,0.00604744,0.20587549,0.21452765,0.21696611,0.01334234,0.20742158,0.22651064,290,0.48275862,1.00000000,1.00000000
child,adaboost,beta,10,0.05338425,0.00409590,0.05045422,0.05631428,0.16771690,0.01178422,0.15928698,0.17614682,0.02291878,0.01024711,0.01558844,0.03024913,0.02987958,0.00658665,0.02516778,0.03459139,0.07864236,0.00360797,0.07606137,0.08122334,0.27314041,0.01058657,0.26556723,0.28071358,0.21306624,0.01254596,0.20409139,0.22204108,0.22195585,0.01127005,0.21389374,0.23001796,290,0.48275862,1.00000000,1.00000000
child,mlp,platt,10,0.08910203,0.03474894,0.06424414,0.11395992,0.29666343,0.13408476,0.20074497,0.39258190,0.04846837,0.03575217,0.02289280,0.07404393,0.05780021,0.03254081,0.03452191,0.08107850,0.02829342,0.01523087,0.01739791,0.03918893,0.09046599,0.08664021,0.02848732,0.15244466,0.10708363,0.04790751,0.07281266,0.14135460,0.11247711,0.04869020,0.07764624,0.14730798,290,0.48275862,0.90000000,0.90000000
child,mlp,temperature,10,0.08710139,0.03276089,0.06366566,0.11053712,0.28751566,0.12303941,0.19949856,0.37553275,0.05008813,0.03006299,0.02858236,0.07159390,0.05925839,0.02814598,0.03912397,0.07939282,0.03029406,0.01292818,0.02104580,0.03954233,0.09961377,0.07389506,0.04675243,0.15247511,0.10546387,0.04248348,0.07507301,0.13585472,0.11101892,0.04395984,0.07957194,0.14246589,290,0.48275862,0.90000000,0.90000000
child,mlp,histbin,10,0.09671243,0.03600080,0.07095900,0.12246585,0.45022865,0.32279585,0.21931440,0.68114289,0.05169867,0.03670955,0.02543824,0.07795909,0.06783065,0.03334576,0.04397653,0.09168477,0.02068303,0.01740750,0.00823045,0.03313561,-0.06309922,0.28674127,-0.26822157,0.14202313,0.10385333,0.05066686,0.06760844,0.14009822,0.10244666,0.05135103,0.06571235,0.13918097,290,0.48275862,0.90000000,0.90000000
child,mlp,isotonic,10,0.09214983,0.03528475,0.06690864,0.11739102,0.79510421,1.01506560,0.06897002,1.52123840,0.05584261,0.03644369,0.02977237,0.08191285,0.06951896,0.03377236,0.04535967,0.09367825,0.02524562,0.01594097,0.01384214,0.03664910,-0.40797478,0.97725709,-1.10706239,0.29111283,0.09970939,0.05446245,0.06074930,0.13866948,0.10075835,0.05143000,0.06396755,0.13754915,290,0.48275862,0.90000000,0.90000000
child,mlp,beta,10,0.08862274,0.03441880,0.06400101,0.11324447,0.29796111,0.13970772,0.19802022,0.39790199,0.04730301,0.03549190,0.02191363,0.07269239,0.05527428,0.03448494,0.03060524,0.07994332,0.02877271,0.01524185,0.01786935,0.03967607,0.08916832,0.09273488,0.02282978,0.15550686,0.10824899,0.04783792,0.07402781,0.14247017,0.11500304,0.04865820,0.08019506,0.14981102,290,0.48275862,0.90000000,0.90000000
adolescent,logreg,platt,10,0.04392235,0.01317688,0.03449617,0.05334852,0.30451475,0.21707604,0.14922790,0.45980159,0.03559097,0.01113917,0.02762249,0.04355946,0.04684188,0.01214643,0.03815285,0.05553091,0.00044648,0.00885612,-0.00588880,0.00678176,-0.14960376,0.21270118,-0.30176102,0.00255350,0.02173188,0.01919827,0.00799826,0.03546550,0.02677975,0.01599773,0.01533566,0.03822383,103,0.60194175,0.70000000,0.80000000
adolescent,logreg,temperature,10,0.04350219,0.01081001,0.03576918,0.05123521,0.17045488,0.07714380,0.11526952,0.22564023,0.03730197,0.01153238,0.02905220,0.04555174,0.05135221,0.00939348,0.04463252,0.05807190,0.00086663,0.00474425,-0.00252720,0.00426047,-0.01554389,0.06411869,-0.06141164,0.03032385,0.02002089,0.01870745,0.00663838,0.03340339,0.02226942,0.01147076,0.01406373,0.03047510,103,0.60194175,0.50000000,0.90000000
adolescent,logreg,histbin,10,0.06132466,0.01371628,0.05151263,0.07113670,1.52848102,0.45155079,1.20546104,1.85150099,0.05782417,0.01819312,0.04480959,0.07083874,0.06267314,0.01529131,0.05173439,0.07361188,-0.01695583,0.01101233,-0.02483358,-0.00907809,-1.37357003,0.45078224,-1.69604022,-1.05109985,-0.00050131,0.02295449,-0.01692196,0.01591934,0.01094849,0.01423085,0.00076835,0.02112863,103,0.60194175,0.00000000,0.60000000
adolescent,logreg,isotonic,10,0.04645877,0.01395678,0.03647469,0.05644285,0.90793457,0.40717044,0.61666238,1.19920676,0.03916118,0.01637843,0.02744476,0.05087761,0.04910951,0.01430500,0.03887632,0.05934269,-0.00208994,0.00927284,-0.00872333,0.00454345,-0.75302359,0.39695454,-1.03698776,-0.46905942,0.01816167,0.02501091,0.00026995,0.03605340,0.02451212,0.01905237,0.01088288,0.03814137,103,0.60194175,0.40000000,0.80000000
adolescent,logreg,beta,10,0.04359880,0.01413639,0.03348623,0.05371136,0.30614618,0.20678637,0.15822011,0.45407224,0.03588247,0.01307933,0.02652608,0.04523885,0.04701703,0.01092522,0.03920160,0.05483246,0.00077003,0.00978012,-0.00622625,0.00776631,-0.15123519,0.20147099,-0.29535886,-0.00711153,0.02144039,0.02105334,0.00637974,0.03650104,0.02660460,0.01635390,0.01490573,0.03830348,103,0.60194175,0.60000000,0.80000000
adolescent,dtree,platt,10,0.17383144,0.01198342,0.16525902,0.18240386,0.53876226,0.03224653,0.51569448,0.56183003,0.08369883,0.03966303,0.05532561,0.11207205,0.08958712,0.03706389,0.06307321,0.11610103,0.02613123,0.01339450,0.01654938,0.03571307,5.70155543,0.60645770,5.26772173,6.13538914,0.10415745,0.05222280,0.06679951,0.14151539,0.10277400,0.05158167,0.06587470,0.13967330,103,0.60194175,0.90000000,0.90000000
adolescent,dtree,temperature,10,0.17325323,0.01190267,0.16473857,0.18176788,0.53655644,0.03153034,0.51400099,0.55911188,0.08045066,0.03805046,0.05323100,0.10767032,0.08670056,0.03628664,0.06074266,0.11265846,0.02670944,0.01301450,0.01739943,0.03601945,5.70376126,0.60705533,5.26950003,6.13802248,0.10740561,0.04925202,0.07217284,0.14263839,0.10566056,0.04927509,0.07041129,0.14090984,103,0.60194175,1.00000000,0.90000000
adolescent,dtree,histbin,10,0.18830046,0.01685496,0.17624315,0.20035777,1.32040429,0.62981517,0.86986167,1.77094692,0.09183196,0.05940499,0.04933619,0.13432774,0.11242232,0.04973753,0.07684223,0.14800241,0.01166221,0.02248454,-0.00442226,0.02774668,4.91991340,0.97715282,4.22090038,5.61892641,0.09602431,0.06965356,0.04619716,0.14585147,0.07993880,0.06145436,0.03597700,0.12390060,103,0.60194175,0.80000000,0.90000000
adolescent,dtree,isotonic,10,0.17549560,0.01506064,0.16472186,0.18626933,0.54440767,0.04363633,0.51319213,0.57562322,0.07454598,0.04626551,0.04144963,0.10764234,0.08863296,0.04674727,0.05519197,0.12207394,0.02446707,0.01899499,0.01087887,0.03805526,5.69591002,0.61710924,5.25445666,6.13736338,0.11331030,0.05825026,0.07164057,0.15498002,0.10372817,0.06215000,0.05926873,0.14818760,103,0.60194175,0.90000000,0.90000000
adolescent,dtree,beta,10,0.17458933,0.01242399,0.16570174,0.18347691,0.54116058,0.03422282,0.51667905,0.56564211,0.07425271,0.04228162,0.04400626,0.10449917,0.08456113,0.04042527,0.05564263,0.11347963,0.02537334,0.01436003,0.01510079,0.03564589,5.69915711,0.60856335,5.26381711,6.13449711,0.11360356,0.05340087,0.07540288,0.15180424,0.10779999,0.05513658,0.06835766,0.14724233,103,0.60194175,0.90000000,0.90000000
adolescent,knn,platt,10,0.07767770,0.01412188,0.06757552,0.08777989,0.38033557,0.25238254,0.19979197,0.56087916,0.04315230,0.01619790,0.03156502,0.05473959,0.05432844,0.01775285,0.04162881,0.06702806,0.03537084,0.01248360,0.02644061,0.04430107,0.48036545,0.37416715,0.21270239,0.74802850,0.09024575,0.01679478,0.07823149,0.10226001,0.07906962,0.01706873,0.06685939,0.09127986,103,0.60194175,1.00000000,1.00000000
adolescent,knn,temperature,10,0.10215125,0.00817315,0.09630453,0.10799797,0.34226641,0.07326674,0.28985454,0.39467828,0.11576801,0.01289941,0.10654033,0.12499570,0.11576801,0.01289941,0.10654033,0.12499570,0.01089729,0.00787296,0.00526532,0.01652927,0.51843461,0.43149367,0.20976263,0.82710658,0.01763004,0.01405584,0.00757510,0.02768499,0.01763004,0.01405584,0.00757510,0.02768499,103,0.60194175,1.00000000,0.80000000
adolescent,knn,histbin,10,0.08359263,0.00969258,0.07665898,0.09052629,0.86893695,0.50112033,0.51045706,1.22741683,0.06365835,0.02049870,0.04899447,0.07832224,0.07500596,0.02195910,0.05929736,0.09071455,0.02945591,0.00732629,0.02421500,0.03469682,-0.00823593,0.51707976,-0.37813251,0.36166065,0.06973970,0.02110628,0.05464118,0.08483823,0.05839210,0.02286244,0.04203729,0.07474691,103,0.60194175,1.00000000,1.00000000
adolescent,knn,isotonic,10,0.08216691,0.00875215,0.07590600,0.08842782,0.80140301,0.43895652,0.48739243,1.11541360,0.06084222,0.02062488,0.04608806,0.07559637,0.07340151,0.02099996,0.05837904,0.08842398,0.03088163,0.00639953,0.02630369,0.03545958,0.05929800,0.44910668,-0.26197357,0.38056957,0.07255584,0.02079713,0.05767847,0.08743322,0.05999655,0.02125788,0.04478958,0.07520352,103,0.60194175,1.00000000,1.00000000
adolescent,knn,beta,10,0.08093158,0.00860865,0.07477332,0.08708984,0.31441911,0.07299831,0.26219927,0.36663895,0.05666081,0.02097151,0.04165869,0.07166292,0.07079724,0.01905107,0.05716892,0.08442555,0.03211696,0.00601851,0.02781158,0.03642234,0.54628190,0.43715942,0.23355689,0.85900691,0.07673725,0.02085120,0.06182121,0.09165330,0.06260082,0.01940519,0.04871918,0.07648246,103,0.60194175,1.00000000,1.00000000
adolescent,nb,platt,10,0.19369291,0.01789926,0.18088855,0.20649727,0.57709622,0.04180645,0.54718969,0.60700275,0.09375773,0.04603792,0.06082419,0.12669128,0.11322518,0.03537680,0.08791814,0.13853222,0.05863372,0.03028307,0.03697052,0.08029693,3.77970171,1.27164079,2.87002469,4.68937873,0.16125802,0.08223867,0.10242801,0.22008802,0.14650269,0.06741205,0.09827901,0.19472637,103,0.60194175,1.00000000,1.00000000
adolescent,nb,temperature,10,0.19343127,0.01851309,0.18018781,0.20667474,0.57665139,0.04234862,0.54635701,0.60694577,0.09275104,0.01838821,0.07959690,0.10590517,0.10904573,0.02300709,0.09258745,0.12550401,0.05889536,0.02908942,0.03808604,0.07970467,3.78014655,1.27091579,2.87098816,4.68930494,0.16226471,0.05149584,0.12542681,0.19910262,0.15068214,0.05105724,0.11415799,0.18720629,103,0.60194175,1.00000000,1.00000000
adolescent,nb,histbin,10,0.20740047,0.01777912,0.19468205,0.22011888,1.25829633,0.46288257,0.92717008,1.58942257,0.09334873,0.03370630,0.06923670,0.11746076,0.10543625,0.03237726,0.08227496,0.12859755,0.04492616,0.03119395,0.02261136,0.06724097,3.09850161,1.48785462,2.03415453,4.16284869,0.16166702,0.05184982,0.12457590,0.19875815,0.15429162,0.05716915,0.11339527,0.19518796,103,0.60194175,0.90000000,1.00000000
adolescent,nb,isotonic,10,0.19572906,0.02082724,0.18083016,0.21062797,0.64825335,0.22589100,0.48666066,0.80984604,0.08477689,0.02441467,0.06731169,0.10224209,0.10580131,0.01654763,0.09396385,0.11763877,0.05659756,0.02820545,0.03642060,0.07677453,3.70854459,1.20684252,2.84522146,4.57186772,0.17023886,0.04479853,0.13819192,0.20228580,0.15392656,0.04169535,0.12409950,0.18375361,103,0.60194175,1.00000000,1.00000000
adolescent,nb,beta,10,0.19291006,0.01845635,0.17970719,0.20611294,0.57735309,0.04826072,0.54282945,0.61187673,0.08316588,0.04206289,0.05307591,0.11325586,0.12141373,0.03811942,0.09414474,0.14868272,0.05941656,0.03336915,0.03554572,0.08328741,3.77944485,1.26975358,2.87111786,4.68777184,0.17184987,0.06996043,0.12180319,0.22189655,0.13831414,0.06332162,0.09301659,0.18361170,103,0.60194175,1.00000000,1.00000000
adolescent,rf,platt,10,0.06638831,0.01103063,0.05849747,0.07427915,0.21295284,0.02953003,0.19182833,0.23407736,0.04067741,0.01066637,0.03304715,0.04830768,0.05617201,0.00945575,0.04940778,0.06293625,0.04332015,0.00866979,0.03711816,0.04952215,0.16397307,0.02375583,0.14697917,0.18096697,0.12621451,0.01893115,0.11267198,0.13975704,0.13621302,0.02254683,0.12008399,0.15234204,103,0.60194175,1.00000000,1.00000000
adolescent,rf,temperature,10,0.06722759,0.01049357,0.05972094,0.07473423,0.21593151,0.02864547,0.19543978,0.23642325,0.04493312,0.01588840,0.03356724,0.05629899,0.06053399,0.01330350,0.05101724,0.07005074,0.04248088,0.00770371,0.03696998,0.04799177,0.16099440,0.02274981,0.14472017,0.17726863,0.12195881,0.02558097,0.10365929,0.14025833,0.13185105,0.01991449,0.11760507,0.14609702,103,0.60194175,1.00000000,1.00000000
adolescent,rf,histbin,10,0.07511544,0.01021441,0.06780849,0.08242239,0.42071316,0.28709771,0.21533584,0.62609049,0.03985051,0.01324109,0.03037841,0.04932261,0.05414790,0.01100102,0.04627824,0.06201755,0.03459302,0.00822082,0.02871220,0.04047384,-0.04378725,0.28503614,-0.24768982,0.16011532,0.12704141,0.02314594,0.11048380,0.14359902,0.13823714,0.02648328,0.11929214,0.15718213,103,0.60194175,1.00000000,1.00000000
adolescent,rf,isotonic,10,0.06948815,0.01618977,0.05790669,0.08106962,0.88348320,0.50223647,0.52420487,1.24276153,0.04388532,0.01632622,0.03220625,0.05556439,0.05814192,0.01442241,0.04782474,0.06845909,0.04022031,0.01373225,0.03039685,0.05004377,-0.50655729,0.49647812,-0.86171634,-0.15139824,0.12300660,0.02345921,0.10622490,0.13978831,0.13424311,0.02847582,0.11387274,0.15461349,103,0.60194175,1.00000000,1.00000000
adolescent,rf,beta,10,0.06682662,0.01136157,0.05869903,0.07495420,0.21465624,0.02978478,0.19334949,0.23596299,0.04183205,0.01142146,0.03366163,0.05000247,0.05939590,0.01066243,0.05176846,0.06702334,0.04288185,0.00910035,0.03637185,0.04939185,0.16226967,0.02397973,0.14511560,0.17942374,0.12505987,0.01570303,0.11382660,0.13629314,0.13298913,0.02315684,0.11642373,0.14955454,103,0.60194175,1.00000000,1.00000000
adolescent,svm,platt,10,0.05292193,0.01232439,0.04410560,0.06173826,0.17319760,0.03835017,0.14576355,0.20063166,0.03757897,0.01423999,0.02739229,0.04776564,0.05573880,0.00866078,0.04954325,0.06193435,0.06383923,0.00978844,0.05683700,0.07084146,0.23101276,0.03222372,0.20796130,0.25406422,0.16696167,0.01816499,0.15396722,0.17995612,0.17758029,0.02370736,0.16062107,0.19453952,103,0.60194175,1.00000000,1.00000000
adolescent,svm,temperature,10,0.05545310,0.01304673,0.04612003,0.06478616,0.17570778,0.03807648,0.14846950,0.20294605,0.03129520,0.00825854,0.02538740,0.03720300,0.04837407,0.00761725,0.04292501,0.05382313,0.06130807,0.01013017,0.05406138,0.06855475,0.22850259,0.03199822,0.20561244,0.25139273,0.17324544,0.01456240,0.16282812,0.18366275,0.18494502,0.01873950,0.17153959,0.19835046,103,0.60194175,1.00000000,1.00000000
adolescent,svm,histbin,10,0.06340273,0.00925834,0.05677971,0.07002574,0.37861446,0.24247889,0.20515551,0.55207341,0.03841271,0.00939075,0.03169497,0.04513045,0.05506924,0.01573064,0.04381622,0.06632226,0.05335843,0.00701509,0.04834014,0.05837673,0.02559591,0.23902534,-0.14539252,0.19658433,0.16612793,0.01129089,0.15805091,0.17420495,0.17824986,0.02749148,0.15858364,0.19791608,103,0.60194175,1.00000000,1.00000000
adolescent,svm,isotonic,10,0.05588189,0.01292195,0.04663809,0.06512570,0.64386443,0.32343299,0.41249441,0.87523445,0.04095479,0.01164473,0.03262465,0.04928492,0.05330145,0.01542926,0.04226402,0.06433887,0.06087926,0.01048067,0.05338184,0.06837668,-0.23965406,0.32425302,-0.47161070,-0.00769743,0.16358586,0.01734764,0.15117611,0.17599561,0.18001765,0.02844650,0.15966825,0.20036705,103,0.60194175,1.00000000,1.00000000
adolescent,svm,beta,10,0.05311998,0.01238737,0.04425859,0.06198136,0.17421117,0.03883551,0.14642992,0.20199243,0.03810325,0.01160674,0.02980028,0.04640621,0.05618085,0.01226716,0.04740545,0.06495625,0.06364118,0.00987755,0.05657521,0.07070715,0.22999919,0.03277496,0.20655340,0.25344499,0.16643739,0.01460114,0.15599237,0.17688242,0.17713825,0.02318371,0.16055362,0.19372287,103,0.60194175,1.00000000,1.00000000
adolescent,xgb,platt,10,0.06254511,0.01880044,0.04909609,0.07599414,0.20841802,0.06922457,0.15889775,0.25793829,0.05122777,0.01427812,0.04101382,0.06144173,0.06751441,0.01509724,0.05671449,0.07831432,-0.00163979,0.00882329,-0.00795159,0.00467201,-0.00342310,0.04519719,-0.03575522,0.02890902,0.00798045,0.01748116,-0.00452482,0.02048571,0.01188194,0.02351658,-0.00494081,0.02870468,103,0.60194175,0.50000000,0.70000000
adolescent,xgb,temperature,10,0.06086916,0.01602742,0.04940384,0.07233448,0.20356754,0.05930928,0.16114023,0.24599484,0.04692356,0.01525382,0.03601163,0.05783549,0.06646721,0.01023073,0.05914859,0.07378583,0.00003617,0.00560018,-0.00396996,0.00404229,0.00142738,0.03199504,-0.02146049,0.02431525,0.01228466,0.02273714,-0.00398051,0.02854983,0.01292913,0.01846204,-0.00027782,0.02613609,103,0.60194175,0.60000000,0.60000000
adolescent,xgb,histbin,10,0.08315980,0.02819416,0.06299091,0.10332868,1.92220269,1.01742302,1.19438210,2.65002327,0.07777073,0.03399082,0.05345516,0.10208630,0.09321405,0.03571465,0.06766533,0.11876277,-0.02225447,0.01904829,-0.03588079,-0.00862814,-1.71720777,0.99505002,-2.42902367,-1.00539187,-0.01856251,0.04172261,-0.04840906,0.01128404,-0.01381771,0.04637752,-0.04699419,0.01935877,103,0.60194175,0.00000000,0.30000000
adolescent,xgb,isotonic,10,0.07155553,0.02234245,0.05557270,0.08753836,0.98525227,0.68202688,0.49735963,1.47314490,0.06090033,0.03492123,0.03591918,0.08588147,0.07192881,0.03434628,0.04735897,0.09649866,-0.01065020,0.01281345,-0.01981640,-0.00148401,-0.78025735,0.65896488,-1.25165243,-0.30886227,-0.00169211,0.04467187,-0.03364844,0.03026422,0.00746753,0.04508240,-0.02478248,0.03971754,103,0.60194175,0.30000000,0.40000000
adolescent,xgb,beta,10,0.06389456,0.01991265,0.04964991,0.07813921,0.21809505,0.08561837,0.15684736,0.27934274,0.04960277,0.01904814,0.03597655,0.06322900,0.06288583,0.01834581,0.04976203,0.07600963,-0.00298923,0.00953721,-0.00981174,0.00383327,-0.01310013,0.05876210,-0.05513600,0.02893575,0.00960545,0.02839645,-0.01070815,0.02991904,0.01651051,0.02914145,-0.00433602,0.03735705,103,0.60194175,0.50000000,0.50000000
adolescent,adaboost,platt,10,0.11477957,0.01914398,0.10108479,0.12847434,0.36616584,0.06780927,0.31765801,0.41467367,0.05239672,0.01354119,0.04270994,0.06208350,0.08363341,0.01530104,0.07268770,0.09457912,0.02481479,0.01138755,0.01666862,0.03296095,0.08322906,0.05107086,0.04669517,0.11976295,0.10630316,0.02974188,0.08502710,0.12757922,0.07699180,0.02486772,0.05920250,0.09478109,103,0.60194175,1.00000000,1.00000000
adolescent,adaboost,temperature,10,0.12333404,0.01414511,0.11321523,0.13345284,0.38834160,0.04848764,0.35365563,0.42302757,0.07894772,0.01573710,0.06769007,0.09020537,0.10052285,0.02025296,0.08603476,0.11501094,0.01626032,0.00631296,0.01174429,0.02077634,0.06105330,0.03266814,0.03768391,0.08442268,0.07975216,0.02837233,0.05945582,0.10004850,0.06010235,0.02611210,0.04142288,0.07878183,103,0.60194175,1.00000000,1.00000000
adolescent,adaboost,histbin,10,0.13095021,0.02643828,0.11203740,0.14986302,0.84142710,0.54710778,0.45004977,1.23280443,0.06604926,0.03883025,0.03827178,0.09382675,0.09076226,0.03883121,0.06298409,0.11854044,0.00864415,0.01915357,-0.00505749,0.02234578,-0.39203220,0.53198854,-0.77259388,-0.01147052,0.09265062,0.05384821,0.05412993,0.13117130,0.06986294,0.05152200,0.03300632,0.10671956,103,0.60194175,0.70000000,0.90000000
adolescent,adaboost,isotonic,10,0.12277195,0.01981361,0.10859815,0.13694575,0.94337024,0.53658643,0.55951944,1.32722105,0.06868723,0.01860706,0.05537654,0.08199792,0.08222526,0.01661305,0.07034100,0.09410952,0.01682240,0.01257421,0.00782735,0.02581745,-0.49397535,0.52310761,-0.86818399,-0.11976670,0.09001265,0.03667609,0.06377616,0.11624915,0.07839994,0.03121397,0.05607082,0.10072907,103,0.60194175,0.90000000,1.00000000
adolescent,adaboost,beta,10,0.11655290,0.02046990,0.10190961,0.13119619,0.37779432,0.07957660,0.32086864,0.43471999,0.05473040,0.01988209,0.04050760,0.06895319,0.08153802,0.02736929,0.06195921,0.10111683,0.02304145,0.01282522,0.01386683,0.03221606,0.07160058,0.06384079,0.02593163,0.11726953,0.10396949,0.03439090,0.07936772,0.12857125,0.07908719,0.03641080,0.05304047,0.10513390,103,0.60194175,1.00000000,1.00000000
adolescent,mlp,platt,10,0.15313608,0.03997925,0.12453665,0.18173551,0.49477845,0.14614896,0.39022978,0.59932711,0.11395928,0.04040181,0.08505756,0.14286099,0.13027304,0.04502397,0.09806483,0.16248125,0.01330254,0.02381719,-0.00373525,0.03034033,0.01682766,0.10835521,-0.06068499,0.09434031,0.04439354,0.05481237,0.00518313,0.08360395,0.04859997,0.06083101,0.00508409,0.09211585,103,0.60194175,0.70000000,0.80000000
adolescent,mlp,temperature,10,0.15104205,0.04054290,0.12203940,0.18004469,0.48768199,0.14561476,0.38351546,0.59184851,0.11497166,0.05114023,0.07838814,0.15155518,0.13292965,0.04849022,0.09824184,0.16761746,0.01539657,0.02341705,-0.00135497,0.03214812,0.02392412,0.10560881,-0.05162387,0.09947211,0.04338115,0.05752989,0.00222675,0.08453556,0.04594336,0.06175642,0.00176549,0.09012124,103,0.60194175,0.80000000,0.80000000
adolescent,mlp,histbin,10,0.17685106,0.04419201,0.14523800,0.20846413,1.52297944,1.40264430,0.51958815,2.52637073,0.10935972,0.05694760,0.06862186,0.15009758,0.14593180,0.06309180,0.10079864,0.19106495,-0.01041244,0.03126106,-0.03277526,0.01195037,-1.01137333,1.36419319,-1.98725836,-0.03548831,0.04899309,0.06791349,0.00041070,0.09757548,0.03294121,0.07649300,-0.02177858,0.08766101,103,0.60194175,0.30000000,0.70000000
adolescent,mlp,isotonic,10,0.16015691,0.04563393,0.12751236,0.19280145,1.83373296,1.68514618,0.62825200,3.03921392,0.11761291,0.05070661,0.08133959,0.15388624,0.13226947,0.04467961,0.10030759,0.16423134,0.00628171,0.03004647,-0.01521223,0.02777566,-1.32212685,1.65202244,-2.50391252,-0.14034119,0.04073990,0.06507774,-0.00581391,0.08729371,0.04660355,0.06127601,0.00276933,0.09043776,103,0.60194175,0.70000000,0.70000000
adolescent,mlp,beta,10,0.15145625,0.03897236,0.12357710,0.17933540,0.48518230,0.13567867,0.38812363,0.58224097,0.11154586,0.04460679,0.07963609,0.14345564,0.14090059,0.05062987,0.10468216,0.17711901,0.01498238,0.02307170,-0.00152212,0.03148687,0.02642381,0.09744532,-0.04328438,0.09613199,0.04680695,0.05627343,0.00655136,0.08706254,0.03797242,0.06562104,-0.00897004,0.08491489,103,0.60194175,0.70000000,0.80000000
adult,logreg,platt,10,0.00051964,0.00086639,0.00000000,0.00113942,0.00272041,0.00548660,0.00000000,0.00664529,0.00100261,0.00090892,0.00035241,0.00165281,0.00100261,0.00090892,0.00035241,0.00165281,0.00678491,0.00082086,0.00619770,0.00737211,0.03489266,0.00541580,0.03101843,0.03876689,0.03161732,0.00214300,0.03008431,0.03315033,0.03186778,0.00141395,0.03085630,0.03287927,699,0.26752504,1.00000000,1.00000000
adult,logreg,temperature,10,0.00097138,0.00095125,0.00029090,0.00165186,0.00374756,0.00245391,0.00199213,0.00550298,0.00222162,0.00083836,0.00162190,0.00282135,0.00233715,0.00087251,0.00171299,0.00296130,0.00633317,0.00075673,0.00579184,0.00687450,0.03386551,0.00214232,0.03233299,0.03539804,0.03039830,0.00147554,0.02934276,0.03145385,0.03053325,0.00115091,0.02970994,0.03135656,699,0.26752504,1.00000000,1.00000000
adult,logreg,histbin,10,0.00070357,0.00113219,0.00000000,0.00151349,0.01639347,0.03501500,0.00000000,0.04144169,0.00100134,0.00117293,0.00016228,0.00184041,0.00100134,0.00117293,0.00016228,0.00184041,0.00660097,0.00104620,0.00585256,0.00734938,0.02121960,0.03487778,-0.00373046,0.04616966,0.03161859,0.00237304,0.02992101,0.03331616,0.03186905,0.00162402,0.03070730,0.03303080,699,0.26752504,1.00000000,1.00000000
adult,logreg,isotonic,10,0.00055082,0.00087705,0.00000000,0.00117823,0.01117337,0.03236310,0.00000000,0.03432454,0.00085204,0.00081506,0.00026897,0.00143510,0.00091940,0.00088101,0.00028917,0.00154964,0.00675372,0.00078734,0.00619049,0.00731695,0.02643970,0.03226883,0.00335596,0.04952343,0.03176789,0.00206178,0.03029299,0.03324280,0.03195099,0.00132826,0.03100082,0.03290117,699,0.26752504,1.00000000,1.00000000
adult,logreg,beta,10,0.00048769,0.00086761,0.00000000,0.00110834,0.00283478,0.00600957,0.00000000,0.00713376,0.00094063,0.00076344,0.00039449,0.00148676,0.00099321,0.00089100,0.00035583,0.00163059,0.00681685,0.00083283,0.00622108,0.00741262,0.03477830,0.00593838,0.03053023,0.03902636,0.03167930,0.00196180,0.03027591,0.03308269,0.03187718,0.00138795,0.03088430,0.03287006,699,0.26752504,1.00000000,1.00000000
adult,dtree,platt,10,0.07643217,0.00670364,0.07163668,0.08122767,0.27608524,0.02004771,0.26174397,0.29042651,0.01793391,0.00696947,0.01294825,0.02291956,0.01878540,0.00767521,0.01329489,0.02427591,0.00741008,0.00258619,0.00556004,0.00926013,2.35039731,0.26545064,2.16050536,2.54028926,0.06125504,0.01375952,0.05141207,0.07109801,0.06040355,0.01479930,0.04981676,0.07099033,699,0.26752504,1.00000000,1.00000000
adult,dtree,temperature,10,0.07739097,0.00700353,0.07238095,0.08240100,0.28667730,0.02047585,0.27202976,0.30132484,0.04428404,0.00833710,0.03832003,0.05024804,0.04464088,0.00818531,0.03878547,0.05049630,0.00645129,0.00190343,0.00508965,0.00781292,2.33980525,0.26468053,2.15046421,2.52914630,0.03490491,0.01360285,0.02517402,0.04463580,0.03454807,0.01353071,0.02486878,0.04422735,699,0.26752504,1.00000000,1.00000000
adult,dtree,histbin,10,0.07829763,0.00671443,0.07349441,0.08310084,0.35255762,0.07283690,0.30045325,0.40466200,0.01732761,0.00701329,0.01231060,0.02234461,0.02110083,0.00757118,0.01568473,0.02651693,0.00554463,0.00302114,0.00338344,0.00770583,2.27392493,0.30504136,2.05571148,2.49213837,0.06186134,0.01041874,0.05440822,0.06931445,0.05808811,0.01076435,0.05038776,0.06578846,699,0.26752504,1.00000000,1.00000000
adult,dtree,isotonic,10,0.07717162,0.00681390,0.07229725,0.08204599,0.27915295,0.01943450,0.26525035,0.29305556,0.01678461,0.00541786,0.01290891,0.02066032,0.01839275,0.00574683,0.01428171,0.02250379,0.00667063,0.00295644,0.00455573,0.00878554,2.34732960,0.26661047,2.15660795,2.53805124,0.06240433,0.01118086,0.05440603,0.07040264,0.06079620,0.01004407,0.05361110,0.06798129,699,0.26752504,1.00000000,1.00000000
adult,dtree,beta,10,0.07617407,0.00686758,0.07126130,0.08108684,0.27567231,0.02030976,0.26114358,0.29020103,0.01720642,0.00572342,0.01311213,0.02130070,0.01815275,0.00509958,0.01450473,0.02180077,0.00766819,0.00254672,0.00584638,0.00949001,2.35081024,0.26532897,2.16100534,2.54061515,0.06198253,0.01245681,0.05307147,0.07089359,0.06103620,0.01189782,0.05252501,0.06954738,699,0.26752504,1.00000000,1.00000000
adult,knn,platt,10,0.03208283,0.00148168,0.03102290,0.03314276,0.10121273,0.00870800,0.09498340,0.10744205,0.01714712,0.00705072,0.01210333,0.02219090,0.01934054,0.00621278,0.01489618,0.02378489,-0.00090114,0.00116180,-0.00173225,-0.00007004,0.01605341,0.02099070,0.00103757,0.03106925,0.00147949,0.00783231,-0.00412340,0.00708239,-0.00042780,0.00651726,-0.00508997,0.00423437,699,0.26752504,0.20000000,0.60000000
adult,knn,temperature,10,0.03334948,0.00186057,0.03201851,0.03468045,0.10423235,0.00876892,0.09795944,0.11050526,0.02236547,0.00351878,0.01984828,0.02488265,0.02502980,0.00553475,0.02107048,0.02898912,-0.00216779,0.00086325,-0.00278532,-0.00155026,0.01303379,0.02036936,-0.00153758,0.02760515,-0.00373886,0.00399155,-0.00659424,-0.00088348,-0.00611706,0.00584937,-0.01030145,-0.00193267,699,0.26752504,0.00000000,0.20000000
adult,knn,histbin,10,0.03037214,0.00204287,0.02891076,0.03183353,0.14222706,0.06304517,0.09712726,0.18732686,0.01072273,0.00356645,0.00817145,0.01327401,0.01541413,0.00299647,0.01327059,0.01755768,0.00080954,0.00106912,0.00004474,0.00157435,-0.02496093,0.05226103,-0.06234621,0.01242436,0.00790388,0.00277492,0.00591883,0.00988894,0.00349860,0.00294030,0.00139524,0.00560197,699,0.26752504,0.80000000,1.00000000
adult,knn,isotonic,10,0.03033855,0.00204064,0.02887876,0.03179834,0.12451791,0.03682152,0.09817738,0.15085844,0.01067069,0.00355006,0.00813114,0.01321025,0.01567627,0.00336755,0.01326727,0.01808527,0.00084314,0.00106818,0.00007901,0.00160727,-0.00725178,0.02803346,-0.02730571,0.01280215,0.00795592,0.00279120,0.00595921,0.00995262,0.00323647,0.00306951,0.00104067,0.00543226,699,0.26752504,0.80000000,1.00000000
adult,knn,beta,10,0.03145539,0.00238426,0.02974979,0.03316099,0.11482417,0.02634404,0.09597878,0.13366957,0.01353087,0.00782335,0.00793438,0.01912736,0.01767514,0.00747548,0.01232750,0.02302278,-0.00027370,0.00162961,-0.00143945,0.00089205,0.00244196,0.01391588,-0.00751286,0.01239678,0.00509574,0.00798974,-0.00061977,0.01081126,0.00123759,0.00723949,-0.00394122,0.00641641,699,0.26752504,0.50000000,0.70000000
adult,nb,platt,10,0.04383715,0.00104872,0.04308694,0.04458736,0.14854011,0.00387701,0.14576666,0.15131356,0.00649719,0.00225300,0.00488549,0.00810888,0.01846752,0.00316947,0.01620021,0.02073482,0.00265020,0.00040275,0.00236209,0.00293831,0.01539070,0.00250382,0.01359958,0.01718183,0.02085520,0.00406333,0.01794847,0.02376193,0.01485161,0.00338466,0.01243037,0.01727285,699,0.26752504,1.00000000,1.00000000
adult,nb,temperature,10,0.04585813,0.00112687,0.04505201,0.04666424,0.15359520,0.00330719,0.15122937,0.15596102,0.02371991,0.00117511,0.02287929,0.02456053,0.02516099,0.00200684,0.02372539,0.02659660,0.00062922,0.00031008,0.00040741,0.00085104,0.01033561,0.00154188,0.00923262,0.01143861,0.00363247,0.00322529,0.00132524,0.00593971,0.00815813,0.00256503,0.00632322,0.00999305,699,0.26752504,1.00000000,0.90000000
adult,nb,histbin,10,0.04856866,0.00255139,0.04674350,0.05039381,0.29404282,0.07876518,0.23769760,0.35038804,0.01268701,0.00431910,0.00959731,0.01577671,0.01621889,0.00492345,0.01269687,0.01974091,-0.00208130,0.00215118,-0.00362016,-0.00054245,-0.13011201,0.07933168,-0.18686248,-0.07336154,0.01466537,0.00369880,0.01201941,0.01731134,0.01710024,0.00511435,0.01344165,0.02075882,699,0.26752504,0.10000000,1.00000000
adult,nb,isotonic,10,0.04592637,0.00126474,0.04502163,0.04683110,0.23481966,0.03049227,0.21300681,0.25663252,0.01030945,0.00336474,0.00790246,0.01271644,0.02210937,0.00365566,0.01949427,0.02472447,0.00056098,0.00094967,-0.00011837,0.00124034,-0.07088885,0.03014650,-0.09245436,-0.04932334,0.01704294,0.00363674,0.01444137,0.01964450,0.01120976,0.00383914,0.00846340,0.01395611,699,0.26752504,0.70000000,1.00000000
adult,nb,beta,10,0.04402233,0.00099668,0.04330935,0.04473531,0.14953302,0.00338644,0.14711051,0.15195554,0.00583089,0.00271148,0.00389122,0.00777056,0.01751017,0.00369301,0.01486835,0.02015199,0.00246503,0.00052228,0.00209141,0.00283864,0.01439779,0.00241136,0.01267281,0.01612277,0.02152149,0.00389228,0.01873712,0.02430587,0.01580896,0.00344075,0.01334760,0.01827032,699,0.26752504,1.00000000,1.00000000
adult,rf,platt,10,0.02598943,0.00201889,0.02454520,0.02743366,0.08538108,0.00705202,0.08033637,0.09042579,0.00863670,0.00337270,0.00622401,0.01104938,0.01382950,0.00178069,0.01255567,0.01510333,0.02704185,0.00156875,0.02591963,0.02816406,0.12535829,0.00650915,0.12070193,0.13001466,0.12390278,0.00458876,0.12062018,0.12718539,0.11887314,0.00426546,0.11582181,0.12192446,699,0.26752504,1.00000000,1.00000000
adult,rf,temperature,10,0.02906414,0.00166926,0.02787002,0.03025826,0.09619500,0.00583579,0.09202033,0.10036967,0.02596524,0.00160390,0.02481788,0.02711261,0.02799767,0.00243283,0.02625733,0.02973801,0.02396713,0.00125752,0.02306755,0.02486671,0.11454438,0.00523779,0.11079749,0.11829126,0.10657424,0.00386450,0.10380974,0.10933873,0.10470497,0.00419449,0.10170441,0.10770553,699,0.26752504,1.00000000,1.00000000
adult,rf,histbin,10,0.02757157,0.00208741,0.02607833,0.02906482,0.11605988,0.03318170,0.09232312,0.13979664,0.00779001,0.00490593,0.00428052,0.01129950,0.01379901,0.00556746,0.00981629,0.01778173,0.02545969,0.00158708,0.02432437,0.02659502,0.09467950,0.03288490,0.07115505,0.11820394,0.12474947,0.00511439,0.12109086,0.12840809,0.11890363,0.00682228,0.11402326,0.12378400,699,0.26752504,1.00000000,1.00000000
adult,rf,isotonic,10,0.02654700,0.00208637,0.02505450,0.02803950,0.14401088,0.04203642,0.11393984,0.17408193,0.01086569,0.00330298,0.00850288,0.01322850,0.01592064,0.00289846,0.01384720,0.01799407,0.02648427,0.00175226,0.02523078,0.02773776,0.06672849,0.04194078,0.03672586,0.09673112,0.12167379,0.00495068,0.11813229,0.12521529,0.11678201,0.00521140,0.11305400,0.12051002,699,0.26752504,1.00000000,1.00000000
adult,rf,beta,10,0.02610544,0.00200710,0.02466964,0.02754123,0.08554532,0.00709095,0.08047275,0.09061788,0.00709594,0.00370642,0.00444453,0.00974735,0.01196091,0.00328122,0.00961367,0.01430815,0.02692583,0.00154030,0.02582397,0.02802770,0.12519405,0.00654016,0.12051551,0.12987260,0.12544354,0.00527103,0.12167287,0.12921421,0.12074173,0.00503633,0.11713895,0.12434450,699,0.26752504,1.00000000,1.00000000
adult,svm,platt,10,0.01109664,0.00159561,0.00995521,0.01223807,0.03715564,0.00496910,0.03360096,0.04071032,0.00618444,0.00232169,0.00452360,0.00784528,0.00992569,0.00248938,0.00814490,0.01170649,0.04081537,0.00142649,0.03979492,0.04183581,0.18800132,0.00478622,0.18457747,0.19142518,0.15841288,0.00300828,0.15626089,0.16056488,0.16075589,0.00418874,0.15775945,0.16375234,699,0.26752504,1.00000000,1.00000000
adult,svm,temperature,10,0.01377278,0.00106563,0.01301048,0.01453509,0.04552745,0.00352721,0.04300424,0.04805066,0.01607092,0.00249065,0.01428922,0.01785263,0.01723516,0.00244117,0.01548885,0.01898147,0.03813922,0.00095317,0.03745736,0.03882108,0.17962952,0.00356756,0.17707744,0.18218159,0.14852640,0.00258593,0.14667654,0.15037626,0.15344643,0.00441698,0.15028671,0.15660614,699,0.26752504,1.00000000,1.00000000
adult,svm,histbin,10,0.01334137,0.00142365,0.01232295,0.01435979,0.07105785,0.02568901,0.05268105,0.08943466,0.00702003,0.00361066,0.00443712,0.00960294,0.00979124,0.00325586,0.00746213,0.01212034,0.03857063,0.00169904,0.03735522,0.03978605,0.15409911,0.02664270,0.13504007,0.17315815,0.15757729,0.00591875,0.15334328,0.16181131,0.16089035,0.00390919,0.15809389,0.16368682,699,0.26752504,1.00000000,1.00000000
adult,svm,isotonic,10,0.01229617,0.00182889,0.01098786,0.01360449,0.13253814,0.05436195,0.09364994,0.17142633,0.00716569,0.00279603,0.00516553,0.00916585,0.01154308,0.00196124,0.01014010,0.01294606,0.03961583,0.00167862,0.03841502,0.04081664,0.09261883,0.05470808,0.05348303,0.13175464,0.15743163,0.00405707,0.15452937,0.16033388,0.15913851,0.00358663,0.15657279,0.16170423,699,0.26752504,1.00000000,1.00000000
adult,svm,beta,10,0.01109694,0.00158850,0.00996060,0.01223328,0.03716410,0.00496666,0.03361117,0.04071704,0.00612248,0.00224199,0.00451865,0.00772630,0.00978796,0.00256553,0.00795269,0.01162323,0.04081507,0.00141885,0.03980008,0.04183005,0.18799286,0.00477799,0.18457490,0.19141083,0.15847484,0.00293995,0.15637173,0.16057796,0.16089363,0.00423167,0.15786647,0.16392078,699,0.26752504,1.00000000,1.00000000
adult,xgb,platt,10,0.01401736,0.00262907,0.01213664,0.01589808,0.04816551,0.00835400,0.04218942,0.05414160,0.00786452,0.00241670,0.00613572,0.00959333,0.01270265,0.00219984,0.01112898,0.01427632,0.00317568,0.00107596,0.00240599,0.00394538,0.01580797,0.00403064,0.01292462,0.01869131,0.01728409,0.00474855,0.01388718,0.02068099,0.01421886,0.00385699,0.01145973,0.01697798,699,0.26752504,1.00000000,1.00000000
adult,xgb,temperature,10,0.01475553,0.00252138,0.01295184,0.01655922,0.05319071,0.00849436,0.04711421,0.05926721,0.01405295,0.00167552,0.01285435,0.01525154,0.01630791,0.00225354,0.01469582,0.01791999,0.00243751,0.00068952,0.00194426,0.00293076,0.01078276,0.00381965,0.00805034,0.01351518,0.01109566,0.00430653,0.00801496,0.01417636,0.01061360,0.00253685,0.00879884,0.01242835,699,0.26752504,1.00000000,1.00000000
adult,xgb,histbin,10,0.01604561,0.00363942,0.01344213,0.01864909,0.17372923,0.07888585,0.11729770,0.23016077,0.00938920,0.00438042,0.00625564,0.01252276,0.01266425,0.00268492,0.01074358,0.01458492,0.00114744,0.00231991,-0.00051213,0.00280700,-0.10975576,0.07661801,-0.16456498,-0.05494654,0.01575940,0.00697762,0.01076792,0.02075089,0.01425726,0.00407981,0.01133874,0.01717577,699,0.26752504,0.60000000,1.00000000
adult,xgb,isotonic,10,0.01497689,0.00334572,0.01258350,0.01737027,0.11746885,0.04835807,0.08287557,0.15206213,0.00852604,0.00431902,0.00543641,0.01161568,0.01120344,0.00366025,0.00858506,0.01382183,0.00221616,0.00188504,0.00086768,0.00356463,-0.05349538,0.04410160,-0.08504376,-0.02194699,0.01662256,0.00737587,0.01134618,0.02189894,0.01571806,0.00524556,0.01196561,0.01947051,699,0.26752504,0.80000000,1.00000000
adult,xgb,beta,10,0.01374696,0.00276891,0.01176620,0.01572772,0.04643677,0.00830136,0.04049834,0.05237521,0.00697392,0.00217339,0.00541917,0.00852867,0.01096152,0.00185105,0.00963736,0.01228568,0.00344608,0.00109347,0.00266386,0.00422830,0.01753670,0.00388326,0.01475878,0.02031462,0.01817468,0.00371998,0.01551357,0.02083580,0.01595999,0.00231855,0.01430140,0.01761858,699,0.26752504,1.00000000,1.00000000
adult,adaboost,platt,10,0.05855989,0.00173935,0.05731564,0.05980415,0.18657065,0.00474700,0.18317485,0.18996645,0.01294462,0.00394287,0.01012406,0.01576518,0.02613096,0.00643888,0.02152486,0.03073705,0.04834218,0.00128554,0.04742256,0.04926179,0.18196136,0.00432318,0.17886874,0.18505397,0.17572140,0.00436054,0.17260206,0.17884074,0.17072613,0.00782732,0.16512679,0.17632546,699,0.26752504,1.00000000,1.00000000
adult,adaboost,temperature,10,0.08667049,0.00164176,0.08549605,0.08784493,0.28371522,0.00550673,0.27977594,0.28765450,0.12139822,0.00215446,0.11985701,0.12293942,0.12139822,0.00215446,0.11985701,0.12293942,0.02023158,0.00131279,0.01929247,0.02117069,0.08481678,0.00510054,0.08116808,0.08846549,0.06726780,0.00345631,0.06479531,0.06974030,0.07545887,0.00577202,0.07132982,0.07958792,699,0.26752504,1.00000000,1.00000000
adult,adaboost,histbin,10,0.06129426,0.00177401,0.06002521,0.06256332,0.19889982,0.01713576,0.18664164,0.21115800,0.01670334,0.00780746,0.01111822,0.02228846,0.02203928,0.00540621,0.01817191,0.02590665,0.04560781,0.00136504,0.04463131,0.04658430,0.16963218,0.01692299,0.15752621,0.18173816,0.17196268,0.00916560,0.16540600,0.17851935,0.17481780,0.00661918,0.17008273,0.17955288,699,0.26752504,1.00000000,1.00000000
adult,adaboost,isotonic,10,0.06001584,0.00220548,0.05843813,0.06159354,0.28186594,0.05821900,0.24021858,0.32351331,0.01657433,0.00516399,0.01288024,0.02026842,0.02304257,0.00374655,0.02036245,0.02572270,0.04688624,0.00189498,0.04553065,0.04824182,0.08666606,0.05853977,0.04478924,0.12854289,0.17209168,0.00664786,0.16733609,0.17684728,0.17381451,0.00573300,0.16971337,0.17791565,699,0.26752504,1.00000000,1.00000000
adult,adaboost,beta,10,0.05872428,0.00157787,0.05759554,0.05985303,0.18567699,0.00432593,0.18258241,0.18877158,0.01321790,0.00447399,0.01001741,0.01641840,0.02259729,0.00677733,0.01774908,0.02744550,0.04817778,0.00117740,0.04733553,0.04902004,0.18285501,0.00402394,0.17997646,0.18573357,0.17544811,0.00470833,0.17207998,0.17881625,0.17425979,0.00792579,0.16859002,0.17992957,699,0.26752504,1.00000000,1.00000000
adult,mlp,platt,10,0.01952263,0.00642583,0.01492587,0.02411940,0.06575146,0.02277995,0.04945566,0.08204725,0.01354793,0.00443544,0.01037501,0.01672085,0.01716507,0.00336043,0.01476116,0.01956897,0.01105378,0.00732570,0.00581329,0.01629427,0.05210512,0.02736933,0.03252628,0.07168395,0.05508790,0.02472365,0.03740166,0.07277413,0.05283582,0.02494197,0.03499341,0.07067823,699,0.26752504,1.00000000,1.00000000
adult,mlp,temperature,10,0.02578637,0.00898450,0.01935924,0.03221349,0.08709391,0.03186720,0.06429749,0.10989034,0.03155882,0.01409466,0.02147611,0.04164154,0.03239401,0.01357446,0.02268343,0.04210459,0.00479005,0.00419962,0.00178583,0.00779428,0.03076266,0.01681220,0.01873593,0.04278938,0.03707700,0.01335434,0.02752388,0.04663013,0.03760688,0.01427970,0.02739180,0.04782196,699,0.26752504,1.00000000,1.00000000
adult,mlp,histbin,10,0.02040188,0.00833971,0.01443602,0.02636775,0.10993947,0.07107683,0.05909417,0.16078476,0.01330411,0.00719994,0.00815359,0.01845464,0.01508871,0.00686075,0.01018083,0.01999660,0.01017453,0.00628071,0.00568158,0.01466749,0.00791711,0.07431812,-0.04524687,0.06108109,0.05533171,0.02056896,0.04061757,0.07004586,0.05491218,0.02165132,0.03942376,0.07040059,699,0.26752504,1.00000000,1.00000000
adult,mlp,isotonic,10,0.02076202,0.00740384,0.01546562,0.02605841,0.15250946,0.09347293,0.08564295,0.21937596,0.01541205,0.00484743,0.01194441,0.01887970,0.01788161,0.00601485,0.01357885,0.02218437,0.00981440,0.00688722,0.00488758,0.01474122,-0.03465289,0.10355027,-0.10872829,0.03942251,0.05322378,0.02302509,0.03675261,0.06969494,0.05211928,0.02280515,0.03580546,0.06843310,699,0.26752504,1.00000000,1.00000000
adult,mlp,beta,10,0.01980371,0.00669281,0.01501596,0.02459146,0.06545717,0.02275970,0.04917586,0.08173848,0.01332197,0.00397795,0.01047632,0.01616762,0.01603910,0.00274018,0.01407889,0.01799931,0.01077271,0.00718903,0.00562999,0.01591543,0.05239940,0.02691166,0.03314796,0.07165085,0.05531386,0.02518263,0.03729929,0.07332842,0.05396179,0.02598033,0.03537658,0.07254699,699,0.26752504,1.00000000,1.00000000
